,name,value
0,forward1.png,1
1,forward2.png,1
2,forward3.png,1
3,forward4.png,1
4,forward5.png,1
5,forward6.png,1
6,forward7.png,1
7,forward8.png,1
8,forward9.png,1
9,forward10.png,1
10,forward11.png,1
11,forward12.png,1
12,forward13.png,1
13,forward14.png,1
14,forward15.png,1
15,forward16.png,1
16,forward17.png,1
17,forward18.png,1
18,forward19.png,1
19,forward20.png,1
20,forward21.png,1
21,forward22.png,1
22,forward23.png,1
23,forward24.png,1
24,forward25.png,1
25,forward26.png,1
26,forward27.png,1
27,forward28.png,1
28,forward29.png,1
29,forward30.png,1
30,forward31.png,1
31,forward32.png,1
32,forward33.png,1
33,forward34.png,1
34,forward35.png,1
35,forward36.png,1
36,forward37.png,1
37,forward38.png,1
38,forward39.png,1
39,forward40.png,1
40,forward41.png,1
41,forward42.png,1
42,forward43.png,1
43,forward44.png,1
44,forward45.png,1
45,forward46.png,1
46,forward47.png,1
47,forward48.png,1
48,forward49.png,1
49,forward50.png,1
50,forward51.png,1
51,forward52.png,1
52,forward53.png,1
53,forward54.png,1
54,forward55.png,1
55,forward56.png,1
56,forward57.png,1
57,forward58.png,1
58,forward59.png,1
59,forward60.png,1
60,forward61.png,1
61,forward62.png,1
62,forward63.png,1
63,forward64.png,1
64,forward65.png,1
65,forward66.png,1
66,forward67.png,1
67,forward68.png,1
68,forward69.png,1
69,forward70.png,1
70,forward71.png,1
71,forward72.png,1
72,forward73.png,1
73,forward74.png,1
74,Forward Left75.png,7
75,Forward Left76.png,7
76,Forward Left77.png,7
77,Forward Left78.png,7
78,Forward Left79.png,7
79,Forward Left80.png,7
80,Forward Left81.png,7
81,Forward Left82.png,7
82,Forward Left83.png,7
83,Forward Left84.png,7
84,Forward Left85.png,7
85,Forward Left86.png,7
86,Forward Left87.png,7
87,Forward Left88.png,7
88,Forward Left89.png,7
89,Forward Left90.png,7
90,Forward Left91.png,7
91,Forward Left92.png,7
92,Forward Left93.png,7
93,Forward Left94.png,7
94,Forward Left95.png,7
95,Forward Left96.png,7
96,Forward Left97.png,7
97,Forward Left98.png,7
98,Forward Left99.png,7
99,Forward Left100.png,7
100,Forward Left101.png,7
101,Forward Left102.png,7
102,Forward Left103.png,7
103,Forward Left104.png,7
104,Forward Left105.png,7
105,Forward Left106.png,7
106,Forward Left107.png,7
107,Forward Left108.png,7
108,forward109.png,1
109,forward110.png,1
110,forward111.png,1
111,forward112.png,1
112,forward113.png,1
113,forward114.png,1
114,forward115.png,1
115,forward116.png,1
116,forward117.png,1
117,forward118.png,1
118,forward119.png,1
119,forward120.png,1
120,forward121.png,1
121,forward122.png,1
122,forward123.png,1
123,forward124.png,1
124,forward125.png,1
125,forward126.png,1
126,forward127.png,1
127,forward128.png,1
128,forward129.png,1
129,forward130.png,1
130,forward131.png,1
131,forward132.png,1
132,forward133.png,1
